dragondemo : BuildHome,PASS
dragondemo : BuildHome,PASS
dragondemo : BuildHome,PASS
dragondemo : BuildHome,PASS
dragondemo : BuildHome,PASS
dragondemo : BuildHome,PASS
dragondemo : BuildHome,PASS
dragondemo : BuildHome,PASS
dragondemo : BuildHome,PASS
dragondemo : BuildHome,PASS
dragondemo : BuildHome,PASS
dragondemo : BuildHome,PASS
dragondemo : BuildHome,PASS
dragondemo : BuildHome,PASS
dragondemo : BuildHome,PASS
dragondemo : BuildHome,PASS
dragondemo : BuildHome,PASS
dragondemo : BuildHome,PASS
dragondemo : BuildHome,PASS
dragondemo : BuildHome,PASS
dragondemo : BuildHome,PASS
dragondemo : BuildHome,PASS
dragondemo : BuildHome,PASS
dragondemo : BuildHome,PASS
dragondemo : BuildHome,PASS
dragondemo : BuildHome,PASS
dragondemo : BuildHome,PASS
dragondemo : BuildHome,FAIL
dragondemo : BuildHome,PASS
dragondemo : BuildHome,PASS
dragondemo : RotateTheDragonBySwipe,FAIL
dragondemo : RotateTheDragonBySwipe,FAIL
dragondemo : RotateTheDragonBySwipe,FAIL
dragondemo : RotateTheDragonBySwipe,FAIL
dragondemo : RotateTheDragonBySwipe,PASS
dragondemo : RotateTheDragonBySwipe,FAIL
dragondemo : RotateTheDragonBySwipe,PASS
dragondemo : RotateTheDragonBySwipe,PASS
dragondemo : RotateTheDragonBySwipe,FAIL
dragondemo : RotateTheDragonBySwipe,PASS
dragondemo : RotateTheDragonBySwipe,PASS
dragondemo : BuildHome,PASS
dragondemo : BuildHome,PASS
dragondemo : BuildHome,PASS
dragondemo : BuildHome,PASS
dragondemo : BuildHome,PASS
dragondemo : BuildHome,PASS
dragondemo : BuildHomeWhenConInProgress,FAIL
dragondemo : BuildHomeWhenConInProgress,FAIL
angrybirds : Angrybirds,PASS
angrybirds : Angrybirds,PASS
angrybirds : Angrybirds,PASS
angrybirds : Angrybirds,FAIL
